1,41077198840,Jazmine,Bolton,Bolton@gmail.com,05642896095,JazmineBolton123,1925,7
2,51443895861,Dale,May,May@gmail.com,05670506344,DaleMay123,1943,10
3,17726403277,Calvin,Bryant,Bryant@gmail.com,05376558430,CalvinBryant123,1973,10
4,79246506882,Magdalena,Phillips,Phillips@gmail.com,05965503632,MagdalenaPhillips123,1958,7
5,84665862540,Krish,Farmer,Farmer@gmail.com,05990631378,KrishFarmer123,1933,5
6,32142199713,Marisol,Salas,Salas@gmail.com,05968675327,MarisolSalas123,1973,1
7,35884362097,Elian,Petersen,Petersen@gmail.com,05920040749,ElianPetersen123,1928,6
8,34436944990,Bailey,Arias,Arias@gmail.com,05224456074,BaileyArias123,1966,5
9,47720865220,Kelsie,Wu,Wu@gmail.com,05603323196,KelsieWu123,1918,2
10,30765441717,Ayden,Barajas,Barajas@gmail.com,05807032953,AydenBarajas123,1972,9
11,65551630943,Lukas,Holmes,Holmes@gmail.com,05546611944,LukasHolmes123,1944,5
12,37112524545,Tony,Flowers,Flowers@gmail.com,05505382283,TonyFlowers123,1935,1
13,56833089945,Arianna,Welch,Welch@gmail.com,05366179375,AriannaWelch123,1941,6
14,81014459633,Mikayla,Chandler,Chandler@gmail.com,05956578316,MikaylaChandler123,1972,8
15,17828082991,Heaven,Mullins,Mullins@gmail.com,05135841657,HeavenMullins123,1945,1
16,68493133890,June,Pollard,Pollard@gmail.com,05298550419,JunePollard123,1939,8
17,62704430468,Elaine,Good,Good@gmail.com,05884586601,ElaineGood123,1958,5
18,22284611589,Averie,Morton,Morton@gmail.com,05538621571,AverieMorton123,1947,1
19,99159468482,Alexander,Case,Case@gmail.com,05762563879,AlexanderCase123,1985,2
20,95969119558,Rex,Blake,Blake@gmail.com,05699798672,RexBlake123,1931,10
21,63578968628,Harper,Morse,Morse@gmail.com,05471912947,HarperMorse123,1939,10
22,66930596370,Braydon,Krueger,Krueger@gmail.com,05159660153,BraydonKrueger123,1921,1
23,82868271482,Esperanza,Kirk,Kirk@gmail.com,05504308741,EsperanzaKirk123,1941,1
24,13559953388,Rowan,Dudley,Dudley@gmail.com,05219793509,RowanDudley123,1971,9
25,13874061265,Erik,Lutz,Lutz@gmail.com,05574961501,ErikLutz123,1969,8
26,42889527636,Duncan,Zamora,Zamora@gmail.com,05577124545,DuncanZamora123,1967,9
27,70426883012,Ally,Neal,Neal@gmail.com,05645082562,AllyNeal123,1972,9
28,18190359612,Sam,Sweeney,Sweeney@gmail.com,05909422526,SamSweeney123,1948,4
29,89079924679,Reid,Bishop,Bishop@gmail.com,05691570197,ReidBishop123,1947,8
30,69509152797,Amina,Duarte,Duarte@gmail.com,05208682341,AminaDuarte123,1936,10
31,43522441556,Olive,Cervantes,Cervantes@gmail.com,05923103617,OliveCervantes123,1950,4
32,46152581039,Shannon,Mcpherson,Mcpherson@gmail.com,05975158111,ShannonMcpherson123,1958,3
33,48742540974,Tamara,Branch,Branch@gmail.com,05460795142,TamaraBranch123,1976,10
34,40406782552,Kendra,Irwin,Irwin@gmail.com,05792925046,KendraIrwin123,1981,4
35,28913270692,Maribel,Barrett,Barrett@gmail.com,05872645844,MaribelBarrett123,1963,7
36,12769603381,Abril,Bowen,Bowen@gmail.com,05349193263,AbrilBowen123,1967,3
37,52537229653,Phoebe,Knox,Knox@gmail.com,05358759347,PhoebeKnox123,1970,3
38,18974245194,Gilberto,Beard,Beard@gmail.com,05511753910,GilbertoBeard123,1956,9
39,70894534339,Timothy,Hebert,Hebert@gmail.com,05781186231,TimothyHebert123,1952,3
40,27352204362,Sara,Wyatt,Wyatt@gmail.com,05767472307,SaraWyatt123,1966,7
41,59689369205,Collin,Kirby,Kirby@gmail.com,05566446243,CollinKirby123,1923,0
42,10549281673,Clay,Daniel,Daniel@gmail.com,05298692413,ClayDaniel123,1982,1
43,98643873735,Jamie,Mason,Mason@gmail.com,05758985573,JamieMason123,1936,5
44,39195431033,Kaila,Cordova,Cordova@gmail.com,05939245465,KailaCordova123,1951,8
45,43620825058,Jimmy,Barton,Barton@gmail.com,05495289638,JimmyBarton123,1949,1
46,57637820127,Jazlene,Robinson,Robinson@gmail.com,05250842081,JazleneRobinson123,1978,4
47,54819691528,Violet,Lambert,Lambert@gmail.com,05385442164,VioletLambert123,1968,6
48,92315181762,Dorian,Mcclure,Mcclure@gmail.com,05379079163,DorianMcclure123,1976,9
49,43885375725,Keegan,Butler,Butler@gmail.com,05645723877,KeeganButler123,1959,4
50,53781026966,Amaris,Stephenson,Stephenson@gmail.com,05932790287,AmarisStephenson123,1971,2
51,23320608946,Ann,Coleman,Coleman@gmail.com,05910931373,AnnColeman123,1955,5
52,91405438382,Terrence,Simpson,Simpson@gmail.com,05626698527,TerrenceSimpson123,1984,10
53,95803854697,Evangeline,Huffman,Huffman@gmail.com,05268548907,EvangelineHuffman123,1945,7
54,96961047787,Brian,Wheeler,Wheeler@gmail.com,05141803759,BrianWheeler123,1968,7
55,17994645482,Darien,Wong,Wong@gmail.com,05258037413,DarienWong123,1934,0
56,83198278773,Fisher,Schwartz,Schwartz@gmail.com,05265888575,FisherSchwartz123,1948,2
57,82973372245,Jeremiah,Price,Price@gmail.com,05742780914,JeremiahPrice123,1949,8
58,96153471864,Warren,Garner,Garner@gmail.com,05685532535,WarrenGarner123,1938,5
59,92003116851,Diego,Wallace,Wallace@gmail.com,05935306489,DiegoWallace123,1979,4
60,15477011105,Sierra,Shannon,Shannon@gmail.com,05721527971,SierraShannon123,1968,6
61,16084888631,Valeria,Nolan,Nolan@gmail.com,05941444843,ValeriaNolan123,1970,3
62,18261089129,Abdiel,Perry,Perry@gmail.com,05902602793,AbdielPerry123,1950,9
63,72419007736,Jaxson,Newton,Newton@gmail.com,05115940844,JaxsonNewton123,1973,9
64,33067855546,Dane,Mccullough,Mccullough@gmail.com,05294715041,DaneMccullough123,1983,5
65,54351486446,Antwan,Maynard,Maynard@gmail.com,05356505256,AntwanMaynard123,1971,2
66,78833424482,Quinton,Parks,Parks@gmail.com,05720490020,QuintonParks123,1948,10
67,17030918701,Bo,Marks,Marks@gmail.com,05800888895,BoMarks123,1952,7
68,21727713088,Aileen,Small,Small@gmail.com,05170836658,AileenSmall123,1970,8
69,23845341245,Lilah,Briggs,Briggs@gmail.com,05724938563,LilahBriggs123,1941,7
70,10612454493,Sheldon,Villegas,Villegas@gmail.com,05430237951,SheldonVillegas123,1986,8
71,65405039161,Royce,Boone,Boone@gmail.com,05300973765,RoyceBoone123,1946,6
72,23450477588,Jennifer,Smith,Smith@gmail.com,05105379136,JenniferSmith123,1924,4
73,53693269108,Aubrie,Zimmerman,Zimmerman@gmail.com,05299640800,AubrieZimmerman123,1984,4
74,76685052086,Myla,Mooney,Mooney@gmail.com,05663851675,MylaMooney123,1925,10
75,42539813928,Allie,Campbell,Campbell@gmail.com,05429613614,AllieCampbell123,1965,5
76,86492191057,Shania,Landry,Landry@gmail.com,05522491051,ShaniaLandry123,1979,4
77,54013946206,Abdullah,Goodman,Goodman@gmail.com,05248188209,AbdullahGoodman123,1952,2
78,73145626445,Mikaela,Reilly,Reilly@gmail.com,05817004325,MikaelaReilly123,1926,3
79,24506985551,Gracie,Day,Day@gmail.com,05580978908,GracieDay123,1921,2
80,83069274591,Valerie,Yates,Yates@gmail.com,05543984931,ValerieYates123,1955,10
81,52565481712,Heather,Walter,Walter@gmail.com,05435235734,HeatherWalter123,1986,3
82,71315242689,Kiara,Weeks,Weeks@gmail.com,05782456002,KiaraWeeks123,1966,2
83,94868476142,Shane,Shepard,Shepard@gmail.com,05779257898,ShaneShepard123,1921,0
84,92355013166,Allan,Andersen,Andersen@gmail.com,05237170854,AllanAndersen123,1970,0
85,23496415994,Helena,Warner,Warner@gmail.com,05211620969,HelenaWarner123,1946,3
86,25378240361,Deshawn,Mclaughlin,Mclaughlin@gmail.com,05608480354,DeshawnMclaughlin123,1981,7
87,99331397249,Colten,Archer,Archer@gmail.com,05753069377,ColtenArcher123,1973,7
88,68546798650,Lacey,Salinas,Salinas@gmail.com,05201692045,LaceySalinas123,1947,1
89,79237701015,Adrien,Osborn,Osborn@gmail.com,05405222940,AdrienOsborn123,1932,1
90,10269366018,Lesly,Knight,Knight@gmail.com,05623397112,LeslyKnight123,1945,7
91,48000303834,Tanya,Fry,Fry@gmail.com,05249825031,TanyaFry123,1919,6
92,38128082500,Sasha,Cook,Cook@gmail.com,05710868915,SashaCook123,1927,8
93,64660096119,Dax,Hayden,Hayden@gmail.com,05449507813,DaxHayden123,1960,1
94,65395619288,Makayla,Booth,Booth@gmail.com,05116660236,MakaylaBooth123,1981,10
95,54126834592,Amelie,Elliott,Elliott@gmail.com,05456867514,AmelieElliott123,1968,7
96,27123860849,Lea,George,George@gmail.com,05697114091,LeaGeorge123,1928,7
97,58645711621,Agustin,Quinn,Quinn@gmail.com,05720173870,AgustinQuinn123,1958,9
98,11452840289,Terrance,Molina,Molina@gmail.com,05222898935,TerranceMolina123,1987,10
99,92022050936,Delilah,Blevins,Blevins@gmail.com,05462215743,DelilahBlevins123,1959,1
100,77457683853,Jamarion,Campos,Campos@gmail.com,05917380324,JamarionCampos123,1986,6
101,89363516356,Brooklyn,Strong,Strong@gmail.com,05820440232,BrooklynStrong123,1955,5
102,30323270639,Blaze,Salazar,Salazar@gmail.com,05569800899,BlazeSalazar123,1953,0
103,20248884872,Korbin,Arellano,Arellano@gmail.com,05485498740,KorbinArellano123,1967,6
104,97619052534,Parker,Decker,Decker@gmail.com,05871922544,ParkerDecker123,1951,8
105,27083912035,Johnathon,Mcdaniel,Mcdaniel@gmail.com,05443284479,JohnathonMcdaniel123,1980,4
106,81691093895,Israel,Zhang,Zhang@gmail.com,05473374437,IsraelZhang123,1959,9
107,76260682150,Regan,Dougherty,Dougherty@gmail.com,05451187690,ReganDougherty123,1986,10
108,39160075752,Toby,Maldonado,Maldonado@gmail.com,05521045273,TobyMaldonado123,1944,0
109,71017331622,Brianna,Diaz,Diaz@gmail.com,05805044832,BriannaDiaz123,1984,8
110,57741829657,Alex,Macias,Macias@gmail.com,05118691423,AlexMacias123,1924,0
111,54363705426,Kiley,Calhoun,Calhoun@gmail.com,05956090375,KileyCalhoun123,1949,0
112,15441124735,Rosemary,Pierce,Pierce@gmail.com,05983535053,RosemaryPierce123,1950,5
113,80018321289,Tia,Sanchez,Sanchez@gmail.com,05550544929,TiaSanchez123,1947,7
114,18737255790,Elaina,Cortez,Cortez@gmail.com,05938546495,ElainaCortez123,1955,4
115,88013242054,Paxton,Schaefer,Schaefer@gmail.com,05705421521,PaxtonSchaefer123,1950,3
116,82531598150,Demetrius,Oconnor,Oconnor@gmail.com,05522994722,DemetriusOconnor123,1929,2
117,53775916318,Kasen,Pace,Pace@gmail.com,05305958396,KasenPace123,1959,7
118,12664461691,Madden,Camacho,Camacho@gmail.com,05392069440,MaddenCamacho123,1924,7
119,25407696124,Jayce,Potts,Potts@gmail.com,05945658477,JaycePotts123,1941,2
120,94923131151,Virginia,Webster,Webster@gmail.com,05937548137,VirginiaWebster123,1943,0
121,43885036274,Bianca,Wood,Wood@gmail.com,05610141950,BiancaWood123,1981,5
122,51647149545,Zechariah,York,York@gmail.com,05438510007,ZechariahYork123,1942,2
123,80284473583,Stephen,Roth,Roth@gmail.com,05462667789,StephenRoth123,1978,4
124,25610090953,Dennis,Sawyer,Sawyer@gmail.com,05512505050,DennisSawyer123,1968,2
125,84075714486,Baron,Lucas,Lucas@gmail.com,05536231654,BaronLucas123,1932,9
126,65684819975,Kameron,Castillo,Castillo@gmail.com,05154968679,KameronCastillo123,1927,2
127,88179837106,Jose,Kelly,Kelly@gmail.com,05847663188,JoseKelly123,1971,3
128,42924780306,Addyson,Palmer,Palmer@gmail.com,05739487003,AddysonPalmer123,1955,7
129,47154992635,Cayden,Collier,Collier@gmail.com,05689294647,CaydenCollier123,1919,8
130,63649126653,Jeffrey,Rios,Rios@gmail.com,05609814209,JeffreyRios123,1987,7
131,99651181903,Yair,Stanton,Stanton@gmail.com,05503427349,YairStanton123,1923,2
132,49183359370,Ashlynn,Hale,Hale@gmail.com,05465022663,AshlynnHale123,1976,0
133,37452154551,Raven,Espinoza,Espinoza@gmail.com,05701983837,RavenEspinoza123,1920,7
134,91909336539,Davon,Meyers,Meyers@gmail.com,05968852555,DavonMeyers123,1931,4
135,26145891285,Kieran,Carter,Carter@gmail.com,05636382111,KieranCarter123,1967,8
136,82481339640,Zaniyah,Pitts,Pitts@gmail.com,05604835201,ZaniyahPitts123,1963,7
137,12705439406,Eva,Johnson,Johnson@gmail.com,05902946427,EvaJohnson123,1978,6
138,60546244126,Jakob,Cox,Cox@gmail.com,05212792836,JakobCox123,1955,8
139,44847828005,Marlon,Terry,Terry@gmail.com,05718473836,MarlonTerry123,1930,2
140,42060004596,Santino,Nixon,Nixon@gmail.com,05464537118,SantinoNixon123,1923,8
141,74052500918,Demarion,Silva,Silva@gmail.com,05206165035,DemarionSilva123,1940,4
142,21173770133,Gideon,Cooke,Cooke@gmail.com,05558573442,GideonCooke123,1947,10
143,38774964658,Haleigh,Mcgee,Mcgee@gmail.com,05187523129,HaleighMcgee123,1937,0
144,58848194458,Colt,Luna,Luna@gmail.com,05495516719,ColtLuna123,1979,1
145,55455794792,Adrian,Sanford,Sanford@gmail.com,05993551823,AdrianSanford123,1951,0
146,18696179965,Esmeralda,Mullen,Mullen@gmail.com,05975598357,EsmeraldaMullen123,1967,6
147,52207998320,Chaim,Conner,Conner@gmail.com,05735505112,ChaimConner123,1957,1
148,10120609767,Peter,Bowers,Bowers@gmail.com,05518146095,PeterBowers123,1924,9
149,23755487219,Nora,Key,Key@gmail.com,05230463623,NoraKey123,1985,8
150,11532661094,Andres,Gomez,Gomez@gmail.com,05133813905,AndresGomez123,1935,4
151,46067714540,Keagan,Pruitt,Pruitt@gmail.com,05713160890,KeaganPruitt123,1934,8
152,64149010635,Ronan,Huang,Huang@gmail.com,05505042370,RonanHuang123,1981,2
153,28406915565,Sydnee,Blair,Blair@gmail.com,05862340139,SydneeBlair123,1931,1
154,59300016150,Ruby,Dunlap,Dunlap@gmail.com,05490881505,RubyDunlap123,1952,9
155,18876778475,Zain,Mcneil,Mcneil@gmail.com,05216490934,ZainMcneil123,1939,7
156,13257808097,Deacon,David,David@gmail.com,05126521438,DeaconDavid123,1968,6
157,30430733927,Annie,Finley,Finley@gmail.com,05688686422,AnnieFinley123,1943,7
158,69230903340,Conrad,Reese,Reese@gmail.com,05635473611,ConradReese123,1923,6
159,60164773378,Ireland,Collins,Collins@gmail.com,05334699531,IrelandCollins123,1950,1
160,72319874126,Julissa,Mcmahon,Mcmahon@gmail.com,05228287481,JulissaMcmahon123,1985,6
161,73041535147,Jadyn,Marshall,Marshall@gmail.com,05453652689,JadynMarshall123,1964,3
162,59445710138,Kyle,Anderson,Anderson@gmail.com,05726771296,KyleAnderson123,1919,2
163,47207379741,Cali,Ritter,Ritter@gmail.com,05683728727,CaliRitter123,1948,3
164,32320860256,Drew,Reid,Reid@gmail.com,05284753056,DrewReid123,1922,4
165,32350439745,Theresa,Bass,Bass@gmail.com,05735999849,TheresaBass123,1918,8
166,85573887771,Samson,Austin,Austin@gmail.com,05725611831,SamsonAustin123,1965,5
167,30636268504,Emilio,Whitney,Whitney@gmail.com,05882972930,EmilioWhitney123,1968,2
168,85245855334,Nigel,Morgan,Morgan@gmail.com,05453059603,NigelMorgan123,1931,2
169,65948806634,Aleah,Lynn,Lynn@gmail.com,05333823944,AleahLynn123,1942,9
170,58507543811,Jacob,Potter,Potter@gmail.com,05467836982,JacobPotter123,1962,8
171,64865861090,Tianna,Navarro,Navarro@gmail.com,05480522761,TiannaNavarro123,1982,10
172,13662216644,Semaj,Tyler,Tyler@gmail.com,05787512026,SemajTyler123,1925,8
173,88687852253,Patrick,Obrien,Obrien@gmail.com,05600128147,PatrickObrien123,1922,8
174,70184271430,Ryann,Braun,Braun@gmail.com,05961053253,RyannBraun123,1988,4
175,29960605436,Cristian,Chapman,Chapman@gmail.com,05181963613,CristianChapman123,1976,8
176,62904076117,Dayton,Noble,Noble@gmail.com,05503532741,DaytonNoble123,1964,10
177,34047342972,Taryn,Sharp,Sharp@gmail.com,05383367696,TarynSharp123,1931,3
178,80625565647,Rey,Phelps,Phelps@gmail.com,05379298587,ReyPhelps123,1933,5
179,79091858117,Geovanni,Oneill,Oneill@gmail.com,05639006965,GeovanniOneill123,1940,1
180,23553822986,Tess,Sutton,Sutton@gmail.com,05156419083,TessSutton123,1971,6
181,76057619615,Deon,Livingston,Livingston@gmail.com,05759324555,DeonLivingston123,1949,8
182,50205677997,Mathew,Christian,Christian@gmail.com,05463336385,MathewChristian123,1950,0
183,87654243622,Evelin,Bernard,Bernard@gmail.com,05352979886,EvelinBernard123,1980,8
184,88224890355,Mireya,Haynes,Haynes@gmail.com,05779329398,MireyaHaynes123,1988,1
185,45050546296,Deanna,Hill,Hill@gmail.com,05142655142,DeannaHill123,1982,6
186,25047950154,Paulina,Thornton,Thornton@gmail.com,05366832252,PaulinaThornton123,1935,9
187,23715621907,Adelyn,Martin,Martin@gmail.com,05430235560,AdelynMartin123,1955,8
188,44474392174,Boston,Conley,Conley@gmail.com,05104594717,BostonConley123,1988,5
189,67628454996,Nylah,Pineda,Pineda@gmail.com,05183093841,NylahPineda123,1980,9
190,17010423833,Sienna,Mckay,Mckay@gmail.com,05345076157,SiennaMckay123,1945,3
191,87443911179,Skyla,Copeland,Copeland@gmail.com,05915371841,SkylaCopeland123,1979,1
192,80919172051,Baylee,Baldwin,Baldwin@gmail.com,05769151212,BayleeBaldwin123,1939,4
193,44535187890,Ryan,Blackwell,Blackwell@gmail.com,05799826140,RyanBlackwell123,1960,4
194,61535995324,Anahi,Patel,Patel@gmail.com,05210009581,AnahiPatel123,1940,7
195,20362393344,Celeste,Blackburn,Blackburn@gmail.com,05232110118,CelesteBlackburn123,1932,10
196,23436669116,Camryn,Watts,Watts@gmail.com,05148815348,CamrynWatts123,1971,8
197,49503302177,Gordon,Stout,Stout@gmail.com,05640626731,GordonStout123,1942,8
198,77121049454,Mollie,Vang,Vang@gmail.com,05705663935,MollieVang123,1975,9
199,15795123754,Josh,Fuller,Fuller@gmail.com,05739840678,JoshFuller123,1921,3
200,71170757482,Litzy,Swanson,Swanson@gmail.com,05682774702,LitzySwanson123,1968,2
201,70627319930,Mary,Guzman,Guzman@gmail.com,05193924114,MaryGuzman123,1949,3
202,87120952818,Yusuf,Abbott,Abbott@gmail.com,05650983873,YusufAbbott123,1925,4
203,53164645446,Bryant,Mccall,Mccall@gmail.com,05405124215,BryantMccall123,1971,2
204,33970980930,Macy,Pratt,Pratt@gmail.com,05627965846,MacyPratt123,1983,10
205,39911736846,Jaelynn,Moreno,Moreno@gmail.com,05994657118,JaelynnMoreno123,1971,8
206,43251130795,Zaid,Andrews,Andrews@gmail.com,05567132608,ZaidAndrews123,1927,1
207,41568188076,Quintin,Richards,Richards@gmail.com,05478273758,QuintinRichards123,1958,4
208,54723402524,Henry,Berger,Berger@gmail.com,05146343924,HenryBerger123,1983,10
209,33246529881,Mckenzie,Johns,Johns@gmail.com,05714059444,MckenzieJohns123,1950,5
210,36848251957,Rylie,Jordan,Jordan@gmail.com,05162211920,RylieJordan123,1970,7
211,94096297031,Belen,Torres,Torres@gmail.com,05902480901,BelenTorres123,1928,2
212,84841736532,Brett,Cross,Cross@gmail.com,05831279301,BrettCross123,1927,7
213,49251867487,Aspen,Keith,Keith@gmail.com,05368753232,AspenKeith123,1956,8
214,40723839741,Jimena,Chung,Chung@gmail.com,05872436643,JimenaChung123,1954,9
215,47680507978,Samir,Schmidt,Schmidt@gmail.com,05216937285,SamirSchmidt123,1946,5
216,52627866276,Allisson,Ward,Ward@gmail.com,05132422086,AllissonWard123,1927,0
217,57482751123,Jerome,Huerta,Huerta@gmail.com,05948290397,JeromeHuerta123,1958,7
218,52888894759,Dominik,Huber,Huber@gmail.com,05923885148,DominikHuber123,1973,2
219,46669949052,Enzo,Ryan,Ryan@gmail.com,05622045126,EnzoRyan123,1947,0
220,76551242741,Ayana,Hogan,Hogan@gmail.com,05332786404,AyanaHogan123,1944,9
221,56629997309,Ella,Mckinney,Mckinney@gmail.com,05727657919,EllaMckinney123,1921,7
222,12174180828,Bridger,Curry,Curry@gmail.com,05696990493,BridgerCurry123,1968,9
223,78014761340,Darrell,Watkins,Watkins@gmail.com,05341952580,DarrellWatkins123,1942,1
224,33732886950,Meadow,Munoz,Munoz@gmail.com,05454028426,MeadowMunoz123,1939,9
225,25291625697,Chase,Moore,Moore@gmail.com,05650111522,ChaseMoore123,1943,0
226,89867310605,America,Conrad,Conrad@gmail.com,05975670091,AmericaConrad123,1966,1
227,57967511339,Asher,Mcguire,Mcguire@gmail.com,05804694931,AsherMcguire123,1981,9
228,40502237595,Jessica,Garcia,Garcia@gmail.com,05947546001,JessicaGarcia123,1971,6
229,14423833319,Haiden,Gilmore,Gilmore@gmail.com,05745456149,HaidenGilmore123,1954,8
230,34703906054,Alani,Ramos,Ramos@gmail.com,05173105948,AlaniRamos123,1936,2
231,36446104951,Micah,Mendoza,Mendoza@gmail.com,05276818088,MicahMendoza123,1966,10
232,77350012376,Anthony,Haas,Haas@gmail.com,05511869590,AnthonyHaas123,1967,6
233,64151381694,Titus,Allison,Allison@gmail.com,05881398732,TitusAllison123,1972,5
234,22126247653,Faith,Frederick,Frederick@gmail.com,05184693198,FaithFrederick123,1987,7
235,48923389947,Molly,Randolph,Randolph@gmail.com,05429741376,MollyRandolph123,1939,1
236,38856370126,Mariah,Burgess,Burgess@gmail.com,05873013966,MariahBurgess123,1986,5
237,31104790440,Kara,Eaton,Eaton@gmail.com,05545373172,KaraEaton123,1972,4
238,11329707870,Maryjane,Hudson,Hudson@gmail.com,05815186389,MaryjaneHudson123,1974,7
239,24014064284,Evan,Miles,Miles@gmail.com,05859292518,EvanMiles123,1985,5
240,34118337493,Giovanna,Mccoy,Mccoy@gmail.com,05603414657,GiovannaMccoy123,1966,10
241,84546591502,Tanner,Andrade,Andrade@gmail.com,05848965122,TannerAndrade123,1929,8
242,17077458889,Marina,Baxter,Baxter@gmail.com,05443386548,MarinaBaxter123,1956,5
243,31381694756,Sloane,Bowman,Bowman@gmail.com,05880651695,SloaneBowman123,1950,9
244,45099852356,Gianna,Hubbard,Hubbard@gmail.com,05984661207,GiannaHubbard123,1957,6
245,56817655565,Mason,Vincent,Vincent@gmail.com,05697303417,MasonVincent123,1986,9
246,90392267214,Jadiel,Aguilar,Aguilar@gmail.com,05706298242,JadielAguilar123,1934,2
247,97874346551,Tessa,Wolf,Wolf@gmail.com,05808178959,TessaWolf123,1922,5
248,17169015358,Kylie,Black,Black@gmail.com,05718506612,KylieBlack123,1939,6
249,95426816133,Jaeden,Sullivan,Sullivan@gmail.com,05142366011,JaedenSullivan123,1967,7
250,59024736472,Lydia,Turner,Turner@gmail.com,05198212610,LydiaTurner123,1923,0
251,11537952796,Lilianna,Duncan,Duncan@gmail.com,05507672840,LiliannaDuncan123,1935,9
252,38666140965,Branson,Best,Best@gmail.com,05890977223,BransonBest123,1928,7
253,86190843458,Abbigail,Bush,Bush@gmail.com,05261561160,AbbigailBush123,1951,5
254,64903869541,Kimberly,Gutierrez,Gutierrez@gmail.com,05695953362,KimberlyGutierrez123,1924,8
255,41589758257,Adalyn,Hammond,Hammond@gmail.com,05579055638,AdalynHammond123,1971,5
256,10596613001,Dillan,Oliver,Oliver@gmail.com,05999261549,DillanOliver123,1988,5
257,79436329160,Talia,Doyle,Doyle@gmail.com,05594925429,TaliaDoyle123,1964,4
258,19736348845,Nikhil,Conway,Conway@gmail.com,05226666991,NikhilConway123,1954,0
259,65649346275,Kathleen,Ashley,Ashley@gmail.com,05741073471,KathleenAshley123,1967,10
260,76409384858,Haley,Michael,Michael@gmail.com,05118921065,HaleyMichael123,1962,6
261,27908820781,Jerry,Mclean,Mclean@gmail.com,05796046578,JerryMclean123,1986,4
262,18581860123,Cortez,Zuniga,Zuniga@gmail.com,05223570409,CortezZuniga123,1960,0
263,38015468678,Gwendolyn,Miller,Miller@gmail.com,05354085224,GwendolynMiller123,1973,5
264,33733566114,Lizbeth,Garrett,Garrett@gmail.com,05651061475,LizbethGarrett123,1938,0
265,53800609511,Randall,Robbins,Robbins@gmail.com,05354022466,RandallRobbins123,1982,7
266,42034142933,Brenden,Higgins,Higgins@gmail.com,05263099841,BrendenHiggins123,1919,6
267,18205822861,Emilee,Klein,Klein@gmail.com,05629584842,EmileeKlein123,1919,10
268,99623837440,Jordyn,Vargas,Vargas@gmail.com,05271277513,JordynVargas123,1949,10
269,15649852104,Aydin,Cruz,Cruz@gmail.com,05897705729,AydinCruz123,1955,3
270,16580964744,Ashton,Lindsey,Lindsey@gmail.com,05927747692,AshtonLindsey123,1976,9
271,76662000904,Lincoln,Gamble,Gamble@gmail.com,05124061153,LincolnGamble123,1921,3
272,62701637168,Dana,Cain,Cain@gmail.com,05847729432,DanaCain123,1933,10
273,92399793808,Emilie,Kidd,Kidd@gmail.com,05412529413,EmilieKidd123,1927,6
274,14463154661,Tucker,Massey,Massey@gmail.com,05868462806,TuckerMassey123,1968,7
275,30173981029,Rhianna,Poole,Poole@gmail.com,05546857270,RhiannaPoole123,1975,2
276,38202113072,Porter,Acevedo,Acevedo@gmail.com,05383637387,PorterAcevedo123,1939,4
277,13376500005,Kayla,Arnold,Arnold@gmail.com,05150327928,KaylaArnold123,1974,9
278,61776459498,Aydan,Trevino,Trevino@gmail.com,05984424157,AydanTrevino123,1948,10
279,55558076840,Rory,Crawford,Crawford@gmail.com,05705408071,RoryCrawford123,1949,4
280,15172378719,Vivian,Meza,Meza@gmail.com,05663661465,VivianMeza123,1958,9
281,22533027490,Maximillian,Rivers,Rivers@gmail.com,05149573808,MaximillianRivers123,1930,9
282,45453044509,Ciara,Moran,Moran@gmail.com,05542969682,CiaraMoran123,1922,5
283,23993912924,Cristofer,Sandoval,Sandoval@gmail.com,05946313004,CristoferSandoval123,1967,6
284,45871505330,Jefferson,Robertson,Robertson@gmail.com,05503565027,JeffersonRobertson123,1947,6
285,75707725982,Julie,Rosario,Rosario@gmail.com,05406675102,JulieRosario123,1919,3
286,37500725723,Craig,Ortiz,Ortiz@gmail.com,05463835032,CraigOrtiz123,1965,0
287,87718125842,Isai,Villarreal,Villarreal@gmail.com,05831535586,IsaiVillarreal123,1931,1
288,71136033232,Damion,Powers,Powers@gmail.com,05705979357,DamionPowers123,1949,6
289,68138142764,Ryan,Fernandez,Fernandez@gmail.com,05210328087,RyanFernandez123,1947,5
290,80002804225,Cason,Murphy,Murphy@gmail.com,05106450347,CasonMurphy123,1953,3
291,93390950963,Charles,Herrera,Herrera@gmail.com,05449930128,CharlesHerrera123,1985,8
292,98394796485,Madilyn,Hunt,Hunt@gmail.com,05802493525,MadilynHunt123,1949,10
293,51811915025,Vanessa,Kennedy,Kennedy@gmail.com,05454714479,VanessaKennedy123,1986,10
294,34894601461,Jaylan,Lawrence,Lawrence@gmail.com,05184464048,JaylanLawrence123,1965,8
295,43180418778,Noah,Carey,Carey@gmail.com,05940251348,NoahCarey123,1976,1
296,86335754915,Chaz,Bradley,Bradley@gmail.com,05250672590,ChazBradley123,1947,1
297,58339719102,Priscilla,Gillespie,Gillespie@gmail.com,05414598792,PriscillaGillespie123,1988,8
298,33851333786,Deegan,Davis,Davis@gmail.com,05187897261,DeeganDavis123,1951,1
299,49760555031,Julianna,Crosby,Crosby@gmail.com,05546798305,JuliannaCrosby123,1988,1
300,45874163547,Maurice,Shaw,Shaw@gmail.com,05558848629,MauriceShaw123,1957,6
301,31533499888,Kennedi,Buckley,Buckley@gmail.com,05781725063,KennediBuckley123,1958,10
302,68697171417,Roger,Valencia,Valencia@gmail.com,05653992070,RogerValencia123,1950,1
303,50005264445,Romeo,Mckee,Mckee@gmail.com,05860777419,RomeoMckee123,1985,8
304,99235117599,Addison,Hahn,Hahn@gmail.com,05737955265,AddisonHahn123,1986,6
305,43004732819,Michaela,Valdez,Valdez@gmail.com,05845729021,MichaelaValdez123,1988,0
306,11957146023,Julianne,Ramirez,Ramirez@gmail.com,05969660022,JulianneRamirez123,1947,6
307,13815405781,Journey,Edwards,Edwards@gmail.com,05474996194,JourneyEdwards123,1949,4
308,10982813711,Jake,Hoover,Hoover@gmail.com,05835493278,JakeHoover123,1936,1
309,59172752192,Makena,Holloway,Holloway@gmail.com,05842135361,MakenaHolloway123,1929,3
310,27443667370,Uriel,Garrison,Garrison@gmail.com,05515712477,UrielGarrison123,1938,3
311,33798805956,Linda,Mora,Mora@gmail.com,05753461919,LindaMora123,1942,7
312,27826091634,Jazmyn,Cherry,Cherry@gmail.com,05646042902,JazmynCherry123,1943,10
313,26574720453,Cornelius,Adkins,Adkins@gmail.com,05356648167,CorneliusAdkins123,1943,7
314,80916307277,Selah,Gordon,Gordon@gmail.com,05588170386,SelahGordon123,1926,9
315,30985903166,Denisse,Chan,Chan@gmail.com,05638100870,DenisseChan123,1921,6
316,22577307831,Yadiel,Sanders,Sanders@gmail.com,05851332130,YadielSanders123,1969,6
317,39726842886,Shayla,Shaffer,Shaffer@gmail.com,05922959820,ShaylaShaffer123,1980,2
318,38808269285,Nadia,Walton,Walton@gmail.com,05295413217,NadiaWalton123,1988,0
319,39556909267,Marcus,Burns,Burns@gmail.com,05106627899,MarcusBurns123,1933,6
320,58156707791,Alexus,Long,Long@gmail.com,05266744473,AlexusLong123,1978,0
321,70267576124,Ava,Stanley,Stanley@gmail.com,05761777908,AvaStanley123,1957,10
322,66490653672,Kiersten,Castro,Castro@gmail.com,05161261471,KierstenCastro123,1934,1
323,95595245128,Marin,Leblanc,Leblanc@gmail.com,05879361223,MarinLeblanc123,1921,5
324,70042137971,Halle,Stuart,Stuart@gmail.com,05516478658,HalleStuart123,1987,0
325,27495731370,Jasper,Hansen,Hansen@gmail.com,05296588319,JasperHansen123,1962,4
326,86573032819,Camron,Mckenzie,Mckenzie@gmail.com,05254976875,CamronMckenzie123,1978,8
327,33504689434,Rylee,Steele,Steele@gmail.com,05590608100,RyleeSteele123,1951,10
328,21716591805,Abbie,Fisher,Fisher@gmail.com,05303022105,AbbieFisher123,1951,9
329,93141738415,Keyon,Harmon,Harmon@gmail.com,05815702075,KeyonHarmon123,1921,9
330,64871485688,Glenn,Murray,Murray@gmail.com,05863991389,GlennMurray123,1967,7
331,11827502103,Abbey,Ellis,Ellis@gmail.com,05894622837,AbbeyEllis123,1930,0
332,15977484547,Tripp,Floyd,Floyd@gmail.com,05335752263,TrippFloyd123,1918,9
333,39428258333,Leandro,Stafford,Stafford@gmail.com,05782977219,LeandroStafford123,1947,5
334,26677859611,Ingrid,Payne,Payne@gmail.com,05851681507,IngridPayne123,1947,3
335,86193014216,Griffin,Solis,Solis@gmail.com,05554900933,GriffinSolis123,1967,10
336,69173152828,Willow,James,James@gmail.com,05622712425,WillowJames123,1981,0
337,65085267951,Veronica,Mosley,Mosley@gmail.com,05445724982,VeronicaMosley123,1956,1
338,39016656081,Nathen,Page,Page@gmail.com,05832201483,NathenPage123,1936,7
339,96054020115,Elena,Morris,Morris@gmail.com,05268951808,ElenaMorris123,1930,9
340,85124556882,Remington,Hicks,Hicks@gmail.com,05165430562,RemingtonHicks123,1987,10
341,56917067387,Princess,Maxwell,Maxwell@gmail.com,05813430471,PrincessMaxwell123,1920,9
342,65148373749,Layla,Koch,Koch@gmail.com,05637895720,LaylaKoch123,1939,4
343,92610474200,Carlee,Logan,Logan@gmail.com,05535807875,CarleeLogan123,1965,9
344,59344426893,Immanuel,Glass,Glass@gmail.com,05556153717,ImmanuelGlass123,1940,2
345,11482344053,Ashley,Francis,Francis@gmail.com,05782096358,AshleyFrancis123,1928,6
346,48225342475,Nico,Schmitt,Schmitt@gmail.com,05916227399,NicoSchmitt123,1955,5
347,27460791795,Braedon,Mcgrath,Mcgrath@gmail.com,05560320925,BraedonMcgrath123,1957,0
348,79267069987,Messiah,Rose,Rose@gmail.com,05937351377,MessiahRose123,1981,7
349,82988050206,Davion,Warren,Warren@gmail.com,05311859173,DavionWarren123,1941,10
350,59871345741,Jaliyah,Daniels,Daniels@gmail.com,05672212825,JaliyahDaniels123,1923,1
351,97522638870,Blaine,Valenzuela,Valenzuela@gmail.com,05566514170,BlaineValenzuela123,1922,9
352,25245773333,Jaylyn,Vaughn,Vaughn@gmail.com,05480243137,JaylynVaughn123,1964,4
353,48948879378,Gauge,Fleming,Fleming@gmail.com,05252706496,GaugeFleming123,1957,8
354,35746057346,Noelle,Chen,Chen@gmail.com,05246630056,NoelleChen123,1922,4
355,23639170896,Albert,Webb,Webb@gmail.com,05424544030,AlbertWebb123,1983,2
356,53731679944,Alma,Stone,Stone@gmail.com,05418946977,AlmaStone123,1973,6
357,88881938423,Anderson,Zavala,Zavala@gmail.com,05508695166,AndersonZavala123,1922,5
358,26084080363,Lamont,Howard,Howard@gmail.com,05127199574,LamontHoward123,1956,8
359,52497816794,Patricia,Hodge,Hodge@gmail.com,05559695911,PatriciaHodge123,1936,5
360,93622190999,Guadalupe,Rivera,Rivera@gmail.com,05425795885,GuadalupeRivera123,1981,1
361,80548771281,Antonio,Weiss,Weiss@gmail.com,05658882526,AntonioWeiss123,1987,9
362,78894377954,Haylie,Solomon,Solomon@gmail.com,05305678884,HaylieSolomon123,1973,8
363,30630409816,Joanna,Gates,Gates@gmail.com,05529070547,JoannaGates123,1944,10
364,52776955300,Chloe,Cobb,Cobb@gmail.com,05980746014,ChloeCobb123,1988,10
365,44311301377,Charlotte,Rocha,Rocha@gmail.com,05752332919,CharlotteRocha123,1947,4
366,83365416853,Stacy,Gray,Gray@gmail.com,05242891277,StacyGray123,1955,4
367,94509369899,Ronnie,Scott,Scott@gmail.com,05546112284,RonnieScott123,1926,6
368,21502347665,Melvin,Jennings,Jennings@gmail.com,05647626507,MelvinJennings123,1920,10
369,11870704507,Cohen,Chaney,Chaney@gmail.com,05894442288,CohenChaney123,1958,8
370,38156378108,Lyric,Boyd,Boyd@gmail.com,05706084870,LyricBoyd123,1920,10
371,49249439123,Jayden,Brock,Brock@gmail.com,05527640616,JaydenBrock123,1947,9
372,40265983005,Caleb,Mann,Mann@gmail.com,05781147815,CalebMann123,1922,0
373,65595077282,Asia,Roman,Roman@gmail.com,05548656635,AsiaRoman123,1977,9
374,41396422044,Luis,Chambers,Chambers@gmail.com,05843824110,LuisChambers123,1928,5
375,47586235689,Janiah,Gay,Gay@gmail.com,05291634972,JaniahGay123,1938,8
376,16793468229,Leonidas,Khan,Khan@gmail.com,05406771812,LeonidasKhan123,1922,1
377,59494803484,Sonny,Stokes,Stokes@gmail.com,05431843100,SonnyStokes123,1955,3
378,27276209624,Derrick,Kline,Kline@gmail.com,05911608676,DerrickKline123,1950,8
379,12539761268,Anya,Sims,Sims@gmail.com,05395257899,AnyaSims123,1953,5
380,77854814225,Lorenzo,Holden,Holden@gmail.com,05823836465,LorenzoHolden123,1972,4
381,51191091749,Olivia,Dawson,Dawson@gmail.com,05345354999,OliviaDawson123,1957,7
382,35795905271,Zack,Burke,Burke@gmail.com,05215984526,ZackBurke123,1938,4
383,77142371958,Amirah,Hancock,Hancock@gmail.com,05691855522,AmirahHancock123,1955,4
384,68528188440,Jada,Tanner,Tanner@gmail.com,05528151027,JadaTanner123,1929,2
385,99139194480,Devon,Travis,Travis@gmail.com,05267497372,DevonTravis123,1971,0
386,16086048877,Raegan,Lee,Lee@gmail.com,05762184180,RaeganLee123,1945,10
387,26234469388,Clara,Estes,Estes@gmail.com,05185517676,ClaraEstes123,1945,6
388,82184658430,Fernanda,Oconnell,Oconnell@gmail.com,05829919777,FernandaOconnell123,1984,4
389,61014591590,Judith,Hendrix,Hendrix@gmail.com,05706922553,JudithHendrix123,1965,0
390,49475096983,Yaretzi,Waller,Waller@gmail.com,05883123826,YaretziWaller123,1952,3
391,92222428668,Lilliana,Watson,Watson@gmail.com,05710590679,LillianaWatson123,1927,6
392,14617623576,Kailyn,Cowan,Cowan@gmail.com,05619747445,KailynCowan123,1938,1
393,82859106347,Angelique,Barnes,Barnes@gmail.com,05460944990,AngeliqueBarnes123,1981,8
394,73978886163,Aracely,Cuevas,Cuevas@gmail.com,05314515855,AracelyCuevas123,1953,10
395,70420828820,Tristan,Avery,Avery@gmail.com,05694461017,TristanAvery123,1944,2
396,95077166074,Kyson,Ellison,Ellison@gmail.com,05844052731,KysonEllison123,1950,4
397,23965551607,Grady,Odom,Odom@gmail.com,05965881924,GradyOdom123,1973,3
398,12997480491,Vance,Larsen,Larsen@gmail.com,05894156576,VanceLarsen123,1941,8
399,54749886649,Jaidyn,Woods,Woods@gmail.com,05937778341,JaidynWoods123,1930,8
400,34739281893,Karson,Houston,Houston@gmail.com,05339352710,KarsonHouston123,1925,8
401,63315232085,Mario,Banks,Banks@gmail.com,05972066026,MarioBanks123,1971,7
402,96337028243,Carl,Pope,Pope@gmail.com,05721937857,CarlPope123,1957,0
403,33202409387,Erica,Thompson,Thompson@gmail.com,05153154917,EricaThompson123,1970,0
404,30530888444,Emmett,Stein,Stein@gmail.com,05444354716,EmmettStein123,1933,3
405,97864898069,Paul,Blanchard,Blanchard@gmail.com,05525432918,PaulBlanchard123,1978,8
406,34787761402,Lola,Deleon,Deleon@gmail.com,05879097609,LolaDeleon123,1954,10
407,83864244660,Cyrus,Sellers,Sellers@gmail.com,05173265652,CyrusSellers123,1934,0
408,59702832809,Pamela,Dorsey,Dorsey@gmail.com,05677091171,PamelaDorsey123,1940,4
409,36951135090,Madeline,Humphrey,Humphrey@gmail.com,05191045967,MadelineHumphrey123,1932,4
410,96847907328,Terrell,Burton,Burton@gmail.com,05397965668,TerrellBurton123,1987,2
411,70605387608,Alijah,Ewing,Ewing@gmail.com,05393117614,AlijahEwing123,1980,7
412,28354382924,Ray,Cannon,Cannon@gmail.com,05694789381,RayCannon123,1939,2
413,43737355397,Zara,Williams,Williams@gmail.com,05736831311,ZaraWilliams123,1941,5
414,11529960880,Graham,Mcbride,Mcbride@gmail.com,05599672000,GrahamMcbride123,1962,1
415,48287691601,Arthur,Wilcox,Wilcox@gmail.com,05726438467,ArthurWilcox123,1963,7
416,21817930337,Erin,Bonilla,Bonilla@gmail.com,05855945369,ErinBonilla123,1959,3
417,81409735280,Omar,Robles,Robles@gmail.com,05139483690,OmarRobles123,1932,7
418,89780386544,Angie,Contreras,Contreras@gmail.com,05987744799,AngieContreras123,1949,4
419,63446416241,Rocco,Hopkins,Hopkins@gmail.com,05972412099,RoccoHopkins123,1960,4
420,39835076567,Lisa,Aguirre,Aguirre@gmail.com,05784771592,LisaAguirre123,1923,2
421,38644630314,Iyana,Gaines,Gaines@gmail.com,05981901605,IyanaGaines123,1922,2
422,22667359242,Nicholas,Marquez,Marquez@gmail.com,05802535650,NicholasMarquez123,1924,0
423,31158523492,Raul,Mejia,Mejia@gmail.com,05864873954,RaulMejia123,1948,1
424,57915987234,Jadyn,Wise,Wise@gmail.com,05524140939,JadynWise123,1921,9
425,86055252887,Camila,Liu,Liu@gmail.com,05202962803,CamilaLiu123,1923,10
426,57977216133,Lorelei,Brennan,Brennan@gmail.com,05684231181,LoreleiBrennan123,1979,8
427,93770288513,Teresa,Bruce,Bruce@gmail.com,05690013861,TeresaBruce123,1974,4
428,22664800610,Seth,Combs,Combs@gmail.com,05802959773,SethCombs123,1968,5
429,73433644465,Savanna,Ponce,Ponce@gmail.com,05176223479,SavannaPonce123,1934,0
430,53827855454,Finn,Ayers,Ayers@gmail.com,05495600483,FinnAyers123,1928,5
431,40691897846,Chris,Benson,Benson@gmail.com,05443424301,ChrisBenson123,1923,5
432,55307247244,Cassidy,Hart,Hart@gmail.com,05115662920,CassidyHart123,1941,9
433,62032836691,Mila,Prince,Prince@gmail.com,05844451057,MilaPrince123,1961,8
434,31997605803,Maren,Huff,Huff@gmail.com,05401167505,MarenHuff123,1925,2
435,36390793698,Johnathan,Lynch,Lynch@gmail.com,05769971472,JohnathanLynch123,1939,9
436,62137328894,Jaylee,Dunn,Dunn@gmail.com,05389462736,JayleeDunn123,1942,1
437,13807622533,Gianni,Forbes,Forbes@gmail.com,05461157572,GianniForbes123,1934,3
438,62372439151,Madeleine,Fuentes,Fuentes@gmail.com,05737108591,MadeleineFuentes123,1960,8
439,68166384616,Dillon,Joseph,Joseph@gmail.com,05270215002,DillonJoseph123,1971,6
440,90616326272,Yasmine,Snyder,Snyder@gmail.com,05928487578,YasmineSnyder123,1936,9
441,12168031990,Markus,Villa,Villa@gmail.com,05578837603,MarkusVilla123,1960,6
442,57061138464,Jan,Bell,Bell@gmail.com,05795515427,JanBell123,1957,8
443,19797153207,Dominick,Adams,Adams@gmail.com,05201905111,DominickAdams123,1927,8
444,86007480669,Ronald,Hamilton,Hamilton@gmail.com,05889996526,RonaldHamilton123,1978,6
445,35889457487,Kyler,Larson,Larson@gmail.com,05116561303,KylerLarson123,1922,0
446,21853959675,Abagail,Petty,Petty@gmail.com,05752965726,AbagailPetty123,1942,2
447,42337866411,Sydney,Douglas,Douglas@gmail.com,05320583574,SydneyDouglas123,1980,9
448,46946788682,Trenton,Figueroa,Figueroa@gmail.com,05887351178,TrentonFigueroa123,1945,5
449,76056388933,Wade,Walls,Walls@gmail.com,05723075918,WadeWalls123,1939,10
450,64031691214,Aaliyah,Macdonald,Macdonald@gmail.com,05513330755,AaliyahMacdonald123,1984,3
451,80898387491,Skye,Nielsen,Nielsen@gmail.com,05749141148,SkyeNielsen123,1926,7
452,15513461435,Essence,Vazquez,Vazquez@gmail.com,05474437619,EssenceVazquez123,1932,1
453,95743591520,Luna,Walsh,Walsh@gmail.com,05602947835,LunaWalsh123,1927,8
454,98675799019,Ashlyn,Kaufman,Kaufman@gmail.com,05252200487,AshlynKaufman123,1934,2
455,52100015357,Aliza,Carney,Carney@gmail.com,05688967389,AlizaCarney123,1931,4
456,93702898823,Alyssa,Alvarez,Alvarez@gmail.com,05152596023,AlyssaAlvarez123,1959,5
457,55691087933,Amaya,Cole,Cole@gmail.com,05530570023,AmayaCole123,1950,3
458,76790700711,Roman,Mendez,Mendez@gmail.com,05265495250,RomanMendez123,1956,1
459,59642662908,Krista,Barron,Barron@gmail.com,05151351155,KristaBarron123,1920,7
460,97823411470,Preston,Moses,Moses@gmail.com,05528294618,PrestonMoses123,1955,1
461,78244793881,Bryson,Gregory,Gregory@gmail.com,05759977015,BrysonGregory123,1927,9
462,34939156167,Kevin,Stephens,Stephens@gmail.com,05584593388,KevinStephens123,1934,4
463,83512732438,Jasiah,Santiago,Santiago@gmail.com,05654633282,JasiahSantiago123,1940,6
464,44054865356,August,Weaver,Weaver@gmail.com,05715632776,AugustWeaver123,1954,1
465,14076048651,Sidney,Frank,Frank@gmail.com,05206932067,SidneyFrank123,1930,4
466,73498086376,Raina,Sexton,Sexton@gmail.com,05710015479,RainaSexton123,1933,6
467,48848656154,Talon,Yang,Yang@gmail.com,05278524304,TalonYang123,1927,0
468,35495998783,Alexzander,Harrington,Harrington@gmail.com,05922324243,AlexzanderHarrington123,1968,7
469,60329757914,Eduardo,Clayton,Clayton@gmail.com,05713876573,EduardoClayton123,1924,7
470,75190281580,Jazlynn,Bautista,Bautista@gmail.com,05463859266,JazlynnBautista123,1982,8
471,33147434921,Chelsea,Harrison,Harrison@gmail.com,05230067153,ChelseaHarrison123,1972,2
472,84374500684,Amira,Wiley,Wiley@gmail.com,05589157313,AmiraWiley123,1929,7
473,94256089719,Savion,Rasmussen,Rasmussen@gmail.com,05525950730,SavionRasmussen123,1959,4
474,99121892481,Livia,Lam,Lam@gmail.com,05841600803,LiviaLam123,1931,2
475,27280997066,Ivan,Williamson,Williamson@gmail.com,05488375389,IvanWilliamson123,1931,6
476,18654595884,Andrea,Vega,Vega@gmail.com,05404707906,AndreaVega123,1928,2
477,25654678845,Shamar,Calderon,Calderon@gmail.com,05912922121,ShamarCalderon123,1937,1
478,21101191169,Daphne,Guerrero,Guerrero@gmail.com,05977810390,DaphneGuerrero123,1987,0
479,23425702446,Nickolas,Lane,Lane@gmail.com,05463380779,NickolasLane123,1929,5
480,50390962146,Adriel,Sheppard,Sheppard@gmail.com,05953503163,AdrielSheppard123,1927,10
481,43183708383,Casey,Padilla,Padilla@gmail.com,05211167764,CaseyPadilla123,1928,6
482,46072181061,Hector,Leonard,Leonard@gmail.com,05536550346,HectorLeonard123,1943,4
483,48210732823,Maria,Garza,Garza@gmail.com,05245879903,MariaGarza123,1936,2
484,69557201063,Bailey,Skinner,Skinner@gmail.com,05901774595,BaileySkinner123,1934,4
485,98677221636,Damarion,Walker,Walker@gmail.com,05982686192,DamarionWalker123,1950,8
486,18748119202,Konner,Taylor,Taylor@gmail.com,05773865545,KonnerTaylor123,1946,10
487,68125484409,Ariana,Werner,Werner@gmail.com,05465626478,ArianaWerner123,1942,8
488,35521861146,Gilbert,Romero,Romero@gmail.com,05808665241,GilbertRomero123,1929,3
489,45109608411,Dwayne,Whitaker,Whitaker@gmail.com,05121026400,DwayneWhitaker123,1961,1
490,95749512562,Adelaide,Hanson,Hanson@gmail.com,05657696907,AdelaideHanson123,1936,7
491,18462814275,Landon,Perez,Perez@gmail.com,05297314354,LandonPerez123,1955,10
492,53453003786,Ana,Frye,Frye@gmail.com,05966225662,AnaFrye123,1946,4
493,26190316408,Alfred,Christensen,Christensen@gmail.com,05494452066,AlfredChristensen123,1967,9
494,69402750200,Isiah,Melton,Melton@gmail.com,05891589252,IsiahMelton123,1919,10
495,60026590038,Kaydence,Hensley,Hensley@gmail.com,05225140101,KaydenceHensley123,1931,3
496,75305327228,Tristin,Cabrera,Cabrera@gmail.com,05345009145,TristinCabrera123,1957,9
497,15380831765,Thomas,Evans,Evans@gmail.com,05542614282,ThomasEvans123,1953,6
498,39877804600,Nathanael,Cummings,Cummings@gmail.com,05143206723,NathanaelCummings123,1942,9
499,78171965845,Malik,Perkins,Perkins@gmail.com,05173343145,MalikPerkins123,1953,0
500,37774654044,Janiya,Oneal,Oneal@gmail.com,05974313626,JaniyaOneal123,1932,2
